{
  "metadata": {
    "schemaVersion": "1.0",
    "importType": "LEX",
    "importFormat": "JSON"
  },
  "resource": {
    "description": "Levels of risk available to the user",
    "name": "riskLevel",
    "version": "1",
    "enumerationValues": [
      {
        "value": "High",
        "synonyms": [
          "Maximum",
          "Large"
        ]
      },
      {
        "value": "Very Low",
        "synonyms": [
          "Little"
        ]
      },
      {
        "value": "Low",
        "synonyms": [
          "Minimal",
          "Small"
        ]
      },
      {
        "value": "Very High",
        "synonyms": [
          "Extreme"
        ]
      },
      {
        "value": "None",
        "synonyms": [
          "Zero",
          "Nil"
        ]
      },
      {
        "value": "Middle",
        "synonyms": [
          "Medium",
          "Moderate"
        ]
      }
    ],
    "valueSelectionStrategy": "TOP_RESOLUTION"
  }
}